crop_type,payload_kg,distance_km,pickup_lat,pickup_lng,dropoff_lat,dropoff_lng,road_condition,actual_cost_ghs
Okra,713.3,31.2,5.373317,-1.911441,5.3392,-1.992597,Fair,295.41
Garden Eggs,559.3,76.2,4.739719,-2.631754,5.342436,-1.945841,Poor,548.5
Leafy Greens,344.1,59.1,5.77021,-2.201604,5.337142,-1.981143,Good,294.95
Tomatoes,823.1,48.7,5.071293,-2.232836,5.350163,-1.987619,Good,330.02
Leafy Greens,700.5,14.2,5.270609,-1.925086,5.343133,-1.954594,Good,180.97
Tomatoes,204.5,14.2,5.316216,-1.91764,5.346955,-1.967976,Fair,107.6
Peppers,915.4,6.5,5.306929,-1.989392,5.348479,-1.971311,Good,164.28
Tomatoes,831.4,69.6,5.752433,-1.766031,5.341867,-1.980525,Fair,463.43
Okra,952.3,48.9,5.48683,-2.311482,5.335513,-1.965626,Fair,401.62
Garden Eggs,739.4,57.2,5.768588,-1.889595,5.302086,-1.979281,Fair,346.39
Peppers,632.7,3.6,5.325827,-1.999613,5.325091,-1.947921,Fair,159.22
Tomatoes,447.3,77.7,5.435601,-1.985941,5.330358,-1.98224,Poor,444.88
Leafy Greens,936.1,66.9,5.671894,-2.256792,5.317002,-1.948782,Fair,434.44
Peppers,872.8,18.6,5.228971,-2.140619,5.317705,-1.96503,Fair,256.82
Peppers,93.0,16.2,5.385955,-2.000566,5.349858,-1.951576,Good,84.6
Tomatoes,75.0,16.3,5.41022,-1.964925,5.346386,-1.957358,Poor,108.64
Peppers,407.6,25.7,5.114916,-2.064881,5.344259,-1.958165,Good,165.42
Leafy Greens,820.0,42.9,5.628129,-2.276006,5.322101,-1.976783,Good,308.86
Peppers,987.9,35.7,5.220135,-1.787006,5.302485,-1.981305,Good,288.05
Leafy Greens,192.9,24.7,5.294872,-2.085616,5.305811,-1.982456,Fair,160.52
Tomatoes,614.4,49.7,5.632981,-1.652961,5.31741,-1.95014,Good,290.76
Garden Eggs,411.8,12.9,5.28946,-1.922258,5.302587,-1.951979,Good,114.74
Peppers,971.4,24.8,5.372124,-2.193094,5.302657,-1.970971,Good,277.14
Garden Eggs,850.0,30.6,5.300749,-2.218335,5.34763,-1.98638,Good,231.18
Leafy Greens,846.4,37.6,5.071055,-1.907423,5.337108,-1.973887,Fair,350.2
Peppers,495.3,63.2,5.206574,-2.147656,5.317248,-1.962033,Fair,366.61
Okra,444.1,17.6,5.40555,-1.973152,5.308432,-1.97028,Good,161.84
Garden Eggs,309.7,42.1,5.678039,-1.865165,5.327382,-1.953991,Fair,226.98
Peppers,103.6,48.2,5.270238,-1.558889,5.302067,-1.943119,Fair,234.45
Garden Eggs,871.5,5.6,5.297895,-2.013555,5.348721,-1.983443,Good,159.14
Peppers,822.3,49.4,5.453249,-1.894896,5.322541,-1.970017,Good,287.8
Tomatoes,999.7,15.3,5.421228,-2.098105,5.321917,-1.971451,Poor,308.84
Garden Eggs,996.8,7.1,5.288064,-2.027572,5.32133,-1.977775,Fair,210.36
Okra,577.7,76.0,5.055012,-2.095447,5.305266,-1.983095,Good,379.23
Okra,780.5,77.3,5.349519,-2.258177,5.333716,-1.989715,Fair,432.5
Leafy Greens,947.5,65.1,5.749071,-1.750087,5.33845,-1.948644,Good,376.72
Peppers,857.2,25.8,5.396556,-2.167942,5.335606,-1.972008,Fair,290.01
Garden Eggs,285.0,9.6,5.367591,-1.991209,5.308722,-1.968155,Good,95.2
Leafy Greens,478.0,55.4,5.752547,-1.858805,5.330742,-1.947153,Good,292.79
Garden Eggs,172.7,36.3,5.225613,-2.162417,5.330274,-1.954185,Good,178.17
Peppers,956.3,11.5,5.385587,-1.965101,5.345221,-1.986475,Poor,294.0
Okra,625.9,40.6,5.280173,-1.763006,5.320756,-1.964729,Fair,284.16
Tomatoes,267.2,4.7,5.339716,-2.013327,5.320374,-1.970887,Good,79.33
Okra,688.1,72.9,4.874245,-1.755356,5.332726,-1.953139,Good,413.4
Leafy Greens,637.2,22.2,5.476526,-1.803288,5.333454,-1.956788,Fair,232.45
Tomatoes,390.3,53.7,5.301891,-1.687304,5.325264,-1.95848,Good,265.87
Leafy Greens,157.9,26.3,5.261718,-1.962196,5.323953,-1.975973,Good,139.33
Peppers,688.0,42.6,5.152338,-2.207779,5.326507,-1.952752,Poor,385.05
Tomatoes,544.3,44.6,5.454433,-1.678995,5.344852,-1.99038,Good,263.69
Leafy Greens,783.7,16.4,5.335337,-1.888203,5.324858,-1.985019,Fair,202.59
Peppers,544.2,77.6,5.568679,-1.87265,5.348797,-1.976219,Poor,473.22
Okra,859.6,62.5,5.374304,-1.445813,5.327,-1.98916,Good,390.37
Peppers,574.3,75.3,5.581737,-2.297388,5.34926,-1.98125,Good,352.82
Garden Eggs,582.9,71.8,4.782825,-1.89014,5.343442,-1.951492,Good,375.33
Peppers,882.8,48.6,5.091889,-2.071955,5.319922,-1.945587,Poor,424.44
Peppers,433.3,73.9,5.313785,-1.927593,5.344982,-1.97777,Poor,465.98
Garden Eggs,177.3,8.9,5.267999,-2.057444,5.307303,-1.979774,Fair,81.69
Leafy Greens,77.3,17.3,5.297568,-2.012005,5.348052,-1.979005,Good,86.23
Leafy Greens,767.4,5.5,5.253682,-1.999231,5.333382,-1.979114,Fair,193.86
Peppers,639.3,27.4,5.333234,-2.202751,5.30452,-1.991203,Poor,308.11
Garden Eggs,718.9,32.3,5.095762,-2.093329,5.334013,-1.946654,Fair,285.52
Garden Eggs,252.3,23.2,5.504814,-1.98656,5.350512,-1.982315,Poor,186.04
Okra,179.6,66.6,4.805868,-1.961843,5.30529,-1.972,Poor,391.54
Leafy Greens,63.8,29.8,5.489713,-1.954797,5.329534,-1.992516,Fair,157.72
Tomatoes,383.1,23.9,5.120954,-2.038972,5.33919,-1.950102,Fair,187.87
Leafy Greens,610.4,44.3,5.693903,-1.727359,5.342313,-1.956442,Good,243.2
Leafy Greens,422.6,13.0,5.374526,-2.011414,5.322491,-1.945662,Good,132.29
Okra,465.6,64.6,4.976509,-2.062152,5.312008,-1.953919,Fair,382.75
Tomatoes,909.0,7.8,5.346031,-1.93916,5.303917,-1.977315,Good,201.85
Okra,380.8,79.0,5.680802,-1.51554,5.330786,-1.980606,Poor,430.62
Tomatoes,538.3,62.2,5.65788,-2.237076,5.324446,-1.958114,Poor,449.86
Peppers,794.5,17.5,5.37272,-2.079602,5.349237,-1.974794,Fair,233.79
Tomatoes,426.7,2.4,5.306584,-1.986168,5.30483,-1.964689,Good,91.29
Okra,641.0,65.6,5.372872,-1.707821,5.33607,-1.992687,Good,320.01
Leafy Greens,869.2,57.1,5.336977,-1.732201,5.303048,-1.989906,Good,343.99
Tomatoes,952.0,58.9,5.441435,-1.787651,5.310372,-1.966232,Fair,411.8
Tomatoes,189.7,62.2,5.275971,-2.500673,5.324479,-1.964696,Fair,293.85
Garden Eggs,930.3,7.8,5.26207,-1.991875,5.324544,-1.955427,Poor,263.76
Leafy Greens,517.5,30.0,5.378409,-1.781882,5.336085,-1.986402,Fair,242.21
Peppers,295.3,11.0,5.383791,-1.980631,5.347311,-1.967341,Poor,141.43
Okra,486.2,69.3,5.255435,-2.491087,5.333752,-1.983278,Poor,492.74
Peppers,981.0,50.6,5.198581,-2.273863,5.349477,-1.98834,Good,333.98
Leafy Greens,518.0,27.8,5.118843,-2.204276,5.345881,-1.972475,Poor,249.8
Tomatoes,362.3,7.0,5.339334,-1.999112,5.331025,-1.984833,Good,101.78
Tomatoes,651.7,26.3,5.286545,-1.860775,5.34349,-1.981911,Good,197.03
Leafy Greens,278.1,27.4,5.518062,-2.116531,5.333929,-1.977122,Fair,174.42
Tomatoes,122.1,58.9,5.767375,-1.618213,5.305728,-1.980031,Good,231.03
Tomatoes,172.4,51.7,5.14782,-1.744004,5.338828,-1.98862,Fair,238.47
Tomatoes,171.6,71.2,5.520158,-1.646138,5.306545,-1.988504,Fair,361.42
Okra,194.3,38.8,5.647806,-1.842708,5.331504,-1.983338,Fair,202.37
Okra,181.9,11.3,5.365706,-2.024519,5.336932,-1.990472,Good,86.46
Garden Eggs,658.8,57.6,5.577669,-2.2434,5.305126,-1.961677,Fair,334.95
Peppers,222.8,61.3,4.838617,-2.058482,5.31334,-1.978634,Fair,320.62
Leafy Greens,378.4,45.8,5.184138,-1.596444,5.347584,-1.979013,Fair,263.3
Leafy Greens,901.9,62.1,5.542047,-1.593088,5.332616,-1.9764,Fair,449.66
Leafy Greens,500.3,40.5,5.399541,-1.64534,5.314114,-1.95986,Good,232.7
Garden Eggs,684.2,42.8,4.997702,-1.905632,5.336334,-1.949468,Fair,294.13
Okra,213.7,35.3,5.484384,-1.712972,5.331639,-1.955046,Good,176.24
Garden Eggs,232.7,4.0,5.278161,-2.022019,5.326879,-1.956624,Fair,73.32
Leafy Greens,88.8,10.4,5.325475,-1.92946,5.350609,-1.96878,Fair,79.29
Peppers,210.5,4.5,5.310632,-2.018066,5.335973,-1.95831,Fair,74.4
Tomatoes,314.7,51.6,5.074596,-1.845733,5.320572,-1.965362,Fair,308.62
Okra,218.2,26.5,5.125583,-1.797946,5.341804,-1.982187,Poor,179.23
Okra,134.3,41.7,5.104629,-2.181265,5.346029,-1.982571,Poor,260.82
Garden Eggs,164.6,72.8,5.280392,-2.039488,5.308061,-1.97818,Poor,378.62
Okra,487.7,21.4,5.469601,-1.932556,5.311828,-1.94746,Poor,218.88
Leafy Greens,246.0,34.0,5.28198,-1.706429,5.312611,-1.965629,Good,172.96
Leafy Greens,396.1,60.9,5.826496,-1.526023,5.336361,-1.956305,Good,316.56
Garden Eggs,528.2,19.8,5.297305,-1.81744,5.331952,-1.975672,Fair,184.02
Leafy Greens,705.9,8.0,5.251722,-2.038286,5.33275,-1.972614,Good,141.32
Peppers,87.3,24.6,5.320019,-1.938145,5.348839,-1.986722,Fair,132.11
Garden Eggs,809.4,14.6,5.18222,-2.014379,5.340596,-1.984435,Good,177.22
Peppers,646.5,74.5,4.990017,-1.867521,5.308197,-1.951632,Fair,402.18
Tomatoes,127.7,65.0,5.221227,-2.004598,5.319175,-1.963758,Fair,311.31
Peppers,879.9,51.4,5.143964,-2.17393,5.32357,-1.976123,Fair,348.17
Tomatoes,924.8,70.0,5.405705,-1.872325,5.321598,-1.952857,Fair,420.63
Tomatoes,108.0,64.7,5.401208,-2.232897,5.335265,-1.980674,Poor,369.72
Peppers,313.0,16.6,5.160417,-1.853572,5.346395,-1.944198,Fair,139.65
Garden Eggs,815.9,71.6,5.014518,-2.270794,5.317103,-1.975759,Poor,490.86
Leafy Greens,760.8,44.1,4.988633,-1.644427,5.329394,-1.976134,Good,274.16
Leafy Greens,225.3,65.0,5.67623,-2.347468,5.34127,-1.977404,Poor,390.44
Tomatoes,248.9,71.9,5.739924,-1.832932,5.322611,-1.986894,Fair,339.36
Tomatoes,401.9,26.8,5.333601,-1.907068,5.310206,-1.987443,Good,173.92
Garden Eggs,510.3,10.6,5.32413,-2.001002,5.325548,-1.960595,Good,123.48
Okra,637.3,19.8,5.16161,-2.052419,5.304561,-1.949244,Fair,216.3
Peppers,400.5,35.3,4.992953,-2.208558,5.348919,-1.953474,Good,196.18
Tomatoes,489.4,65.8,5.146076,-2.03575,5.305541,-1.985945,Good,331.95
Leafy Greens,760.1,69.1,5.470948,-1.865065,5.323723,-1.965721,Fair,459.06
Garden Eggs,84.8,2.5,5.290969,-2.001736,5.328294,-1.98772,Fair,48.94
Peppers,289.8,41.8,5.672631,-1.622844,5.351065,-1.990735,Fair,231.53
Garden Eggs,727.7,34.6,5.385536,-2.237354,5.310101,-1.960181,Poor,321.15
Peppers,900.4,19.3,5.230949,-1.865305,5.307522,-1.966242,Fair,247.27
Peppers,536.1,11.3,5.210648,-1.98112,5.302235,-1.988899,Fair,150.35
Tomatoes,555.5,28.3,5.301054,-1.793642,5.309579,-1.991253,Good,189.58
Garden Eggs,151.8,75.5,5.328865,-1.458544,5.312164,-1.943512,Fair,373.8
Garden Eggs,475.0,27.2,5.449878,-2.14035,5.333329,-1.991499,Good,182.19
Leafy Greens,556.0,42.5,4.95466,-2.371886,5.312785,-1.970774,Poor,335.88
Leafy Greens,280.3,56.8,5.179498,-1.82646,5.302826,-1.967769,Poor,358.94
Tomatoes,305.8,30.4,5.430267,-2.250477,5.343131,-1.987136,Fair,201.51
Tomatoes,408.4,77.8,4.986073,-2.634128,5.32008,-1.984547,Good,322.97
Okra,69.1,77.1,5.630199,-1.985029,5.319485,-1.97541,Poor,432.01
Leafy Greens,356.0,21.6,5.423158,-2.080748,5.316924,-1.954916,Fair,160.43
Peppers,250.9,40.8,5.129199,-2.352023,5.350569,-1.967646,Good,209.32
Garden Eggs,361.1,25.5,5.19913,-2.016661,5.310306,-1.961105,Good,172.21
Tomatoes,163.8,24.2,5.198322,-1.873486,5.346712,-1.943741,Fair,155.12
Garden Eggs,896.0,4.9,5.275838,-2.036014,5.34064,-1.9546,Good,174.18
Garden Eggs,613.9,49.5,5.541499,-1.745049,5.305624,-1.971282,Poor,348.01
Okra,695.1,41.2,5.6189,-2.063469,5.351136,-1.970678,Fair,300.16
Leafy Greens,799.7,6.0,5.304482,-2.02455,5.315368,-1.962061,Good,164.39
Tomatoes,523.5,23.7,5.123617,-2.036714,5.306729,-1.959732,Poor,239.64
Garden Eggs,132.6,72.8,5.855633,-1.651939,5.343266,-1.967964,Good,316.28
Tomatoes,560.3,20.7,5.248705,-1.979202,5.337134,-1.960757,Fair,195.14
Peppers,607.5,13.3,5.246334,-2.065559,5.332661,-1.991823,Good,151.17
Okra,758.2,40.2,5.143068,-1.805944,5.309599,-1.971519,Good,261.51
Peppers,460.1,78.9,5.146519,-2.518986,5.325725,-1.979053,Fair,405.82
Tomatoes,171.2,20.9,5.227158,-1.874358,5.340828,-1.986541,Fair,138.14
Tomatoes,319.6,54.4,5.280035,-1.723512,5.316981,-1.988023,Fair,309.5
Leafy Greens,394.9,61.4,5.455494,-2.374593,5.317384,-1.96284,Fair,349.28
Garden Eggs,663.6,20.5,5.150708,-2.01963,5.301957,-1.96682,Fair,233.68
Garden Eggs,592.2,58.8,5.452543,-2.308384,5.310512,-1.980321,Good,338.92
Peppers,388.3,30.7,5.528002,-2.040582,5.34557,-1.969452,Good,197.38
Okra,987.2,51.3,5.05602,-1.565093,5.323887,-1.968388,Poor,424.23
Garden Eggs,625.5,51.4,4.894247,-1.961348,5.351012,-1.98325,Fair,353.78
Leafy Greens,275.4,43.8,5.075045,-1.823214,5.321585,-1.960395,Fair,232.37
Peppers,146.7,9.0,5.304217,-2.049683,5.337559,-1.953954,Good,68.25
Peppers,195.2,67.2,4.893179,-2.270098,5.315896,-1.953427,Good,292.2
Leafy Greens,283.7,27.0,5.312719,-1.970581,5.31999,-1.962877,Fair,174.18
Okra,202.6,16.5,5.234623,-2.075501,5.311336,-1.967418,Poor,133.28
Leafy Greens,227.2,5.2,5.258423,-1.963055,5.319153,-1.98995,Fair,77.03
Okra,320.8,48.1,5.373373,-1.688089,5.329162,-1.978608,Poor,287.33
Leafy Greens,214.7,54.9,5.494453,-1.808556,5.351389,-1.988336,Fair,303.45
Leafy Greens,901.9,3.3,5.280142,-1.976274,5.33501,-1.944809,Good,150.96
Tomatoes,126.2,41.9,5.635177,-1.8227,5.311762,-1.986246,Fair,201.18
Peppers,548.3,19.7,5.420676,-2.112073,5.304048,-1.985411,Good,168.21
Leafy Greens,439.9,52.3,5.423498,-2.268079,5.308118,-1.948521,Good,261.39
Leafy Greens,983.3,15.6,5.396613,-2.066893,5.329928,-1.945804,Poor,324.51
Garden Eggs,156.4,55.9,5.451215,-1.867354,5.340058,-1.954709,Fair,249.68
Peppers,428.0,32.2,5.093615,-1.992415,5.348821,-1.99273,Fair,226.84
Garden Eggs,971.0,75.1,4.656625,-1.875275,5.302591,-1.992933,Good,443.84
Peppers,872.2,12.7,5.384511,-1.979578,5.327938,-1.974095,Good,212.25
Garden Eggs,826.2,28.6,5.079448,-2.108723,5.325343,-1.98583,Good,249.92
Leafy Greens,295.0,10.9,5.301594,-2.052852,5.334603,-1.992081,Good,108.44
Leafy Greens,212.3,74.1,5.780997,-1.850701,5.329779,-1.969797,Fair,328.18
Tomatoes,685.2,70.4,4.775405,-1.397143,5.336152,-1.945847,Good,360.87
Garden Eggs,932.9,22.1,5.309882,-1.991668,5.334704,-1.976809,Fair,266.08
Okra,578.9,53.5,5.721728,-2.365087,5.307651,-1.959943,Good,316.73
Tomatoes,593.0,65.7,5.149765,-2.363298,5.341786,-1.960388,Good,315.42
Garden Eggs,316.0,45.3,5.573345,-2.14547,5.307962,-1.980446,Good,210.23
Garden Eggs,781.0,43.3,5.614102,-1.973299,5.336727,-1.960479,Fair,320.67
Tomatoes,227.7,20.9,5.42636,-1.875052,5.322607,-1.982383,Fair,133.22
Leafy Greens,357.5,9.3,5.3095,-2.025176,5.327493,-1.9869,Fair,114.2
Garden Eggs,454.2,72.0,5.688511,-1.385836,5.346965,-1.957931,Fair,427.46
Leafy Greens,532.2,72.2,4.944162,-2.345697,5.346294,-1.987328,Fair,399.72
Tomatoes,280.3,51.4,4.885041,-1.558035,5.342693,-1.943155,Good,248.27
Leafy Greens,159.1,28.4,5.405389,-2.0495,5.327307,-1.983827,Good,149.91
Peppers,630.1,29.2,5.386375,-1.801838,5.338612,-1.963293,Poor,284.95
Okra,324.2,58.6,4.905767,-2.318999,5.327445,-1.972431,Fair,292.67
Garden Eggs,602.2,72.0,5.569387,-2.472447,5.34528,-1.986681,Good,340.98
Okra,196.6,71.2,4.887409,-2.130683,5.321939,-1.991608,Poor,388.15
Leafy Greens,507.1,62.8,5.667716,-2.369413,5.350312,-1.961863,Fair,373.25
Garden Eggs,556.0,52.1,5.718446,-2.226668,5.348416,-1.952662,Good,279.86
Leafy Greens,99.2,8.6,5.347985,-2.050304,5.33888,-1.950899,Fair,67.23
Peppers,369.8,14.6,5.367881,-1.949963,5.315771,-1.968864,Fair,146.26
Tomatoes,177.7,72.1,5.391988,-1.414966,5.308383,-1.954127,Fair,372.79
Garden Eggs,110.2,49.3,5.353206,-1.955557,5.344535,-1.959358,Good,222.14
Peppers,990.5,2.7,5.305578,-2.012761,5.310065,-1.956787,Good,189.66
Peppers,356.2,9.9,5.28645,-2.069935,5.344513,-1.96837,Fair,131.7
Garden Eggs,819.4,53.8,4.9929,-1.597235,5.326338,-1.961329,Fair,367.28
Leafy Greens,291.9,2.4,5.285813,-2.004062,5.322128,-1.952724,Poor,102.59
Peppers,697.4,14.5,5.371239,-2.050436,5.34696,-1.973106,Fair,187.44
Okra,772.2,44.8,5.636404,-2.395106,5.331993,-1.952701,Good,301.87
Peppers,615.9,56.0,5.801609,-2.108552,5.330631,-1.963399,Fair,364.54
Leafy Greens,498.0,52.9,5.692251,-2.253397,5.329738,-1.984705,Good,253.15
Leafy Greens,441.2,19.5,5.42383,-1.875221,5.320358,-1.991766,Fair,187.8
Okra,381.4,57.5,5.577881,-1.629622,5.341082,-1.974862,Fair,346.28
Peppers,933.1,20.5,5.384718,-1.95531,5.31444,-1.965665,Good,220.95
Leafy Greens,839.1,27.4,5.280982,-1.831675,5.348745,-1.951009,Fair,295.32
Garden Eggs,966.8,60.2,5.518489,-1.548969,5.346499,-1.986626,Good,344.42
Tomatoes,168.1,52.7,4.869926,-2.016735,5.318674,-1.95299,Good,234.15
Tomatoes,744.3,68.2,4.805052,-2.553376,5.338273,-1.94985,Good,369.42
Tomatoes,941.4,53.3,5.405532,-2.007166,5.330461,-1.985466,Good,350.94
Peppers,222.2,46.3,5.496548,-2.141572,5.318682,-1.95042,Poor,315.69
Okra,113.2,9.3,5.233323,-1.991674,5.351226,-1.943427,Fair,85.92
Leafy Greens,754.1,30.7,5.283174,-1.971676,5.303062,-1.956658,Good,254.21
Garden Eggs,595.7,22.7,5.380974,-1.806779,5.314432,-1.953762,Fair,207.25
Garden Eggs,849.7,21.0,5.463199,-2.060236,5.327804,-1.943279,Good,239.28
Peppers,182.8,77.9,5.018363,-1.694914,5.327898,-1.962726,Poor,397.29
Tomatoes,805.5,32.7,5.324638,-2.056365,5.331247,-1.977606,Fair,314.15
Peppers,241.5,71.6,5.65166,-1.607956,5.339384,-1.951123,Fair,340.65
Okra,205.5,51.2,5.699512,-1.718486,5.332974,-1.962276,Good,209.58
Okra,206.1,64.0,4.96148,-2.207586,5.331814,-1.96394,Fair,326.83
Leafy Greens,823.8,41.2,5.2178,-2.11663,5.304476,-1.980318,Fair,313.18
Leafy Greens,681.9,47.0,5.139109,-1.618297,5.320627,-1.955183,Poor,367.3
Okra,546.9,40.4,5.465695,-1.853442,5.313403,-1.988917,Good,234.05
Okra,390.9,17.2,5.391711,-2.069599,5.315069,-1.946786,Good,126.81
Okra,883.3,58.4,4.902619,-1.84407,5.329517,-1.976709,Poor,450.49
Peppers,422.8,23.9,5.280511,-1.823595,5.311775,-1.986611,Fair,173.12
Okra,825.8,3.9,5.270569,-2.006952,5.316497,-1.970882,Good,155.78
Garden Eggs,467.2,52.3,5.307605,-1.750785,5.313654,-1.990877,Good,250.57
Tomatoes,408.1,15.8,5.249077,-2.029097,5.349225,-1.958769,Poor,191.1
Okra,489.5,75.4,5.283185,-1.322497,5.349033,-1.947865,Good,338.29
Tomatoes,336.3,76.4,5.572302,-2.19365,5.332297,-1.951137,Fair,423.02
Peppers,760.2,73.4,5.649307,-1.48362,5.348026,-1.986632,Fair,482.78
Tomatoes,527.6,30.9,5.444114,-2.111899,5.341091,-1.986686,Good,198.47
Peppers,270.6,3.2,5.297017,-1.987045,5.331297,-1.952328,Fair,87.26
Garden Eggs,904.6,74.4,5.734672,-2.529091,5.302122,-1.946787,Good,441.36
Peppers,414.7,35.4,5.31608,-1.886611,5.340426,-1.969967,Good,226.15
Peppers,566.4,77.4,4.770531,-1.38971,5.336924,-1.968051,Fair,440.69
Leafy Greens,911.1,77.2,5.959866,-1.356753,5.332563,-1.977087,Poor,527.93
Okra,643.0,68.5,5.092017,-1.462119,5.339821,-1.948287,Fair,421.81
Okra,161.1,25.0,5.185458,-1.985126,5.327446,-1.960755,Fair,155.06
Garden Eggs,942.8,32.0,5.411164,-1.765743,5.337004,-1.978587,Good,281.13
Garden Eggs,646.3,68.4,5.305934,-1.739568,5.348559,-1.978061,Good,342.57
Okra,368.2,26.7,5.394688,-1.782677,5.32059,-1.94844,Good,180.88
Leafy Greens,182.3,15.2,5.410361,-1.905523,5.337206,-1.992318,Good,109.86
Okra,804.3,45.4,5.545729,-2.334197,5.325584,-1.976864,Good,282.74
Leafy Greens,639.1,75.0,5.370237,-2.330544,5.33552,-1.965282,Good,347.26
Garden Eggs,556.8,56.3,4.872199,-1.721678,5.339945,-1.985589,Good,282.17
Tomatoes,899.2,46.5,5.079487,-2.053441,5.304073,-1.988395,Good,337.86
Garden Eggs,799.2,9.6,5.374444,-1.925339,5.33413,-1.952236,Fair,206.46
Garden Eggs,194.1,50.0,5.040593,-1.804197,5.313137,-1.94828,Poor,310.64
Peppers,346.1,79.2,5.701267,-2.349923,5.335302,-1.95182,Good,342.35
Peppers,286.1,12.9,5.289542,-1.901571,5.325217,-1.948061,Poor,148.28
Peppers,756.7,42.4,5.237827,-1.764092,5.340478,-1.965344,Poor,366.09
Peppers,81.9,70.4,4.685001,-2.120607,5.30797,-1.952387,Good,277.53
Leafy Greens,591.4,59.8,5.424853,-2.310875,5.333116,-1.973798,Fair,387.06
Okra,774.3,56.4,4.805437,-1.785999,5.315724,-1.959687,Fair,420.36
Tomatoes,882.9,56.8,5.573956,-2.233235,5.344449,-1.943558,Fair,438.84
Garden Eggs,375.0,30.0,5.265051,-2.000662,5.348219,-1.981714,Good,197.13
Leafy Greens,830.2,24.9,5.279524,-1.945885,5.35162,-1.973505,Fair,261.22
Tomatoes,155.1,65.1,5.179247,-2.157901,5.3416,-1.968998,Good,269.53
Leafy Greens,854.1,65.2,4.758185,-2.411712,5.339487,-1.986099,Fair,450.52
Leafy Greens,171.1,69.6,5.041999,-1.985791,5.312575,-1.988948,Fair,360.88
Garden Eggs,427.4,73.2,5.56269,-2.262693,5.3186,-1.951514,Fair,363.46
Okra,807.4,41.9,5.419985,-2.341672,5.325084,-1.94416,Fair,317.91
Peppers,192.4,41.1,5.247323,-1.951556,5.340469,-1.972764,Fair,205.7
Okra,267.8,64.3,5.019343,-1.693999,5.347548,-1.988618,Good,291.49
Garden Eggs,736.1,52.7,5.24006,-1.619599,5.311257,-1.989709,Good,302.66
Garden Eggs,734.0,56.8,4.874626,-2.474909,5.347918,-1.948434,Poor,428.37
Garden Eggs,659.1,64.1,5.515602,-1.561943,5.336581,-1.969809,Good,313.67
Tomatoes,709.3,71.4,5.060641,-1.529369,5.332339,-1.976999,Good,365.05
Okra,565.6,28.4,5.422922,-2.204191,5.311792,-1.969177,Good,218.91
Okra,289.2,31.3,5.176582,-1.867198,5.304576,-1.977085,Good,163.68
Leafy Greens,378.4,9.3,5.385427,-1.925261,5.330223,-1.968548,Poor,153.48
Leafy Greens,222.5,47.1,5.070353,-1.98962,5.334376,-1.950022,Fair,257.49
Leafy Greens,913.0,4.8,5.297983,-1.95299,5.312339,-1.963385,Poor,251.64
Garden Eggs,604.2,38.3,5.511291,-2.146027,5.329623,-1.958267,Fair,260.75
Okra,430.8,44.3,5.241267,-1.772015,5.344625,-1.974766,Fair,302.06
Garden Eggs,488.9,24.4,5.295013,-1.937086,5.343553,-1.956075,Good,181.51
Tomatoes,949.9,48.1,4.881276,-2.314663,5.348168,-1.959669,Fair,418.1
Leafy Greens,195.7,4.4,5.332317,-1.989977,5.320094,-1.987022,Good,70.0
Garden Eggs,606.9,4.9,5.258418,-2.031625,5.317702,-1.964368,Poor,163.47
Garden Eggs,530.6,66.2,5.016955,-2.486609,5.339271,-1.980163,Poor,407.38
Tomatoes,630.9,30.1,5.446108,-2.051579,5.323356,-1.952795,Good,209.21
Peppers,67.2,11.9,5.319863,-1.906156,5.306177,-1.971703,Poor,97.42
Okra,878.5,42.7,5.396859,-2.295748,5.31594,-1.943266,Poor,380.1
Peppers,935.5,62.1,4.832972,-2.346469,5.322729,-1.988375,Fair,405.29
Leafy Greens,586.9,18.8,5.241364,-2.056377,5.316426,-1.953983,Good,172.65
Garden Eggs,711.8,50.6,4.925,-1.869271,5.31841,-1.959315,Fair,316.78
Tomatoes,926.4,8.7,5.357097,-1.974923,5.316489,-1.954625,Fair,201.19
Tomatoes,721.9,6.0,5.292173,-1.975688,5.303875,-1.977624,Good,146.88
Okra,194.9,43.4,5.103184,-1.639345,5.333655,-1.968397,Good,183.71
Peppers,597.5,44.2,5.571349,-1.962105,5.331665,-1.953175,Fair,297.57
Okra,626.4,51.7,5.411314,-1.606794,5.334469,-1.981373,Good,293.44
Garden Eggs,452.9,58.6,5.740607,-1.808701,5.311415,-1.981698,Fair,333.85
Okra,749.6,78.1,5.685224,-2.360077,5.316583,-1.965447,Poor,588.35
Tomatoes,937.6,42.3,5.364728,-2.295559,5.332781,-1.966822,Poor,419.11
Tomatoes,929.3,27.2,5.158992,-2.209637,5.331781,-1.978887,Good,252.93
Leafy Greens,478.3,64.0,5.878432,-2.191869,5.327117,-1.978096,Poor,418.76
Leafy Greens,157.6,23.1,5.270441,-1.896783,5.319321,-1.979108,Good,132.49
Garden Eggs,985.6,36.2,5.035142,-2.128333,5.347447,-1.954424,Good,317.96
Peppers,847.0,8.1,5.316965,-1.993969,5.318789,-1.960405,Fair,216.04
Okra,168.4,4.0,5.329835,-2.003604,5.324581,-1.951379,Good,61.24
Garden Eggs,924.8,77.1,5.811945,-2.311895,5.335706,-1.944226,Good,397.44
Leafy Greens,876.4,67.2,5.119865,-1.744098,5.328951,-1.969292,Fair,424.84
Okra,542.9,56.3,5.467019,-1.626923,5.319144,-1.989665,Good,271.34
Leafy Greens,611.7,33.9,5.543828,-1.875485,5.323582,-1.990595,Good,250.25
Okra,429.1,15.5,5.366307,-2.061411,5.341524,-1.978217,Fair,164.6
Peppers,102.0,14.2,5.395306,-1.938033,5.315706,-1.946373,Fair,102.58
Garden Eggs,368.4,21.5,5.330489,-2.136581,5.308913,-1.966839,Fair,166.64
Okra,812.7,44.8,4.9574,-1.644393,5.317458,-1.979411,Good,319.5
Tomatoes,54.4,57.7,4.932022,-1.716329,5.344277,-1.973042,Fair,252.05
Tomatoes,366.8,53.5,4.864708,-1.612541,5.306249,-1.96307,Good,236.12
Okra,428.3,23.8,5.330224,-1.929271,5.351385,-1.960353,Good,163.52
Okra,560.5,76.5,5.71039,-1.619994,5.32885,-1.985304,Fair,433.57
Okra,923.9,59.6,5.623252,-2.17823,5.351042,-1.944148,Good,365.46
Tomatoes,379.0,45.2,5.157742,-1.824187,5.34875,-1.965761,Good,252.22
Tomatoes,379.6,49.7,5.507136,-2.32103,5.324441,-1.986216,Fair,265.81
Okra,750.6,34.7,5.313683,-2.268848,5.311725,-1.948318,Fair,295.41
Leafy Greens,479.6,21.3,5.445079,-2.016339,5.310044,-1.989268,Fair,192.05
Leafy Greens,263.4,29.8,5.154493,-2.163185,5.313799,-1.947613,Good,156.53
Peppers,479.8,61.1,5.33359,-2.313504,5.337307,-1.943172,Good,325.58
Garden Eggs,183.8,3.1,5.282649,-1.989669,5.315447,-1.957978,Good,61.46
Leafy Greens,217.6,11.1,5.348283,-1.971899,5.318871,-1.954478,Good,95.58
Tomatoes,523.4,5.6,5.300065,-1.977343,5.324239,-1.976135,Fair,146.0
Leafy Greens,448.0,5.2,5.256579,-1.985215,5.347462,-1.945921,Poor,148.51
Peppers,919.1,68.7,4.714155,-2.143906,5.31127,-1.966514,Fair,433.59
Peppers,394.3,56.9,5.564652,-1.85586,5.302051,-1.956381,Fair,333.13
Garden Eggs,601.6,39.0,5.3347,-1.875104,5.304805,-1.946795,Fair,272.78
Leafy Greens,650.7,9.6,5.236324,-2.058022,5.347038,-1.944241,Fair,165.03
Tomatoes,62.4,40.3,5.122994,-2.200877,5.334176,-1.95134,Good,156.01
Tomatoes,680.4,38.9,5.407877,-1.647096,5.315452,-1.977849,Fair,311.56
Okra,219.1,15.5,5.370465,-1.93505,5.31066,-1.944673,Fair,128.43
Tomatoes,963.0,35.8,5.13311,-2.236413,5.316513,-1.961594,Good,274.5
Garden Eggs,191.2,33.1,5.469515,-1.73326,5.30754,-1.946468,Good,172.68
Garden Eggs,443.9,50.0,5.500694,-1.686932,5.348877,-1.959195,Poor,382.84
Tomatoes,131.1,51.5,5.583052,-1.801771,5.34101,-1.977638,Good,202.79
Tomatoes,997.0,5.5,5.347602,-1.955431,5.32492,-1.974499,Good,178.82
Okra,527.1,31.2,5.199909,-2.050283,5.345048,-1.965476,Fair,251.57
Tomatoes,615.6,50.8,5.634041,-2.142957,5.314273,-1.953499,Fair,318.68
Okra,113.7,41.2,5.634155,-2.196134,5.337656,-1.977101,Fair,213.83
Okra,762.5,68.8,5.01915,-1.636318,5.344607,-1.964013,Fair,395.33
Tomatoes,249.4,53.4,5.088549,-1.982353,5.319638,-1.975719,Good,241.9
Peppers,903.2,14.7,5.381588,-1.867761,5.339673,-1.952212,Fair,249.38
Peppers,244.9,7.5,5.341783,-1.945903,5.316554,-1.969664,Good,86.09
Okra,231.2,52.1,5.680452,-1.760293,5.316743,-1.989164,Poor,340.19
Tomatoes,84.7,4.1,5.319262,-2.027197,5.307153,-1.984697,Fair,58.06
Peppers,498.5,47.7,4.873822,-1.804345,5.323803,-1.989945,Good,275.98
Tomatoes,586.6,75.3,5.261435,-1.327558,5.338286,-1.968035,Good,384.43
Tomatoes,112.4,46.9,5.300462,-2.209392,5.348811,-1.987683,Good,182.15
Tomatoes,786.8,32.3,5.487961,-1.959767,5.33199,-1.987293,Good,252.74
Leafy Greens,480.6,52.2,5.442082,-2.352501,5.344957,-1.945948,Good,249.31
Tomatoes,548.2,37.7,5.383538,-2.223848,5.342925,-1.949367,Fair,286.08
Leafy Greens,468.7,44.6,5.427004,-2.303296,5.310467,-1.970396,Fair,273.05
Okra,430.7,75.4,5.127793,-2.639588,5.326091,-1.94371,Good,352.98
Peppers,581.7,32.1,5.292891,-2.217664,5.307646,-1.992991,Good,209.97
Peppers,197.5,77.0,5.975509,-1.569069,5.335908,-1.962301,Good,337.05
Peppers,222.8,72.6,5.157386,-2.55386,5.349295,-1.962179,Poor,447.34
Peppers,868.7,17.3,5.416016,-2.097758,5.308654,-1.970128,Good,206.48
Peppers,948.8,7.4,5.35271,-1.965755,5.338494,-1.973153,Fair,232.21
Peppers,404.6,9.9,5.219249,-1.914326,5.333412,-1.970231,Poor,148.29
Peppers,307.2,3.4,5.302742,-1.99984,5.33098,-1.972252,Fair,90.39
Okra,661.8,9.4,5.375386,-1.932696,5.321306,-1.956475,Poor,220.0
Tomatoes,438.3,55.3,5.039258,-1.554009,5.319557,-1.986232,Good,269.48
Garden Eggs,74.1,7.6,5.34484,-2.042761,5.304062,-1.983118,Poor,84.75
Leafy Greens,198.3,26.9,5.457867,-2.161854,5.312695,-1.983974,Good,132.95
Garden Eggs,730.2,67.9,4.800318,-1.5326,5.302559,-1.979876,Good,331.8
Garden Eggs,676.0,3.8,5.31326,-2.008985,5.330871,-1.966737,Fair,167.49
Tomatoes,75.7,65.5,4.869045,-2.509064,5.307093,-1.98744,Poor,321.6
Tomatoes,260.9,24.0,5.416014,-1.949042,5.345451,-1.949592,Poor,212.16
Tomatoes,269.5,11.2,5.221625,-2.005873,5.327957,-1.978132,Good,108.69
Peppers,688.3,56.3,4.798982,-2.137929,5.336784,-1.984873,Good,297.19
Okra,68.7,51.1,5.209505,-2.237514,5.322343,-1.959219,Poor,284.28
Peppers,148.9,70.4,5.933024,-2.317013,5.329829,-1.991096,Good,270.68
Okra,809.9,59.3,5.253791,-2.431655,5.348933,-1.962002,Fair,395.77
Okra,219.6,64.7,5.30045,-1.757288,5.305937,-1.95809,Poor,343.97
Garden Eggs,670.1,24.0,5.292252,-1.888283,5.314497,-1.982254,Fair,222.2
Garden Eggs,276.3,15.8,5.253026,-1.994908,5.340799,-1.990902,Good,113.69
Okra,144.5,60.5,4.956564,-1.769497,5.306737,-1.974818,Fair,288.05
Okra,281.0,64.9,5.342181,-2.371937,5.305583,-1.98807,Good,317.06
Peppers,736.2,79.3,5.305846,-2.004074,5.319877,-1.987176,Poor,584.47
Peppers,862.9,34.2,5.590392,-2.079502,5.306408,-1.980287,Fair,324.14
Garden Eggs,838.7,31.0,5.531476,-2.051111,5.331054,-1.978227,Poor,345.94
Tomatoes,427.3,62.6,5.75786,-2.016663,5.313114,-1.966501,Good,323.67
Okra,684.7,28.6,5.529541,-1.86959,5.346585,-1.95908,Poor,291.04
Peppers,244.7,74.6,5.772268,-1.87087,5.340975,-1.963361,Fair,380.75
Garden Eggs,328.5,69.0,5.236941,-2.454622,5.336785,-1.985582,Good,341.3
Peppers,901.5,35.5,5.429302,-1.72211,5.332647,-1.984396,Good,268.99
Okra,62.4,60.6,4.907208,-2.290702,5.344973,-1.949062,Fair,287.2
Okra,131.2,60.9,5.14811,-1.454791,5.312953,-1.965082,Fair,310.59
Leafy Greens,247.5,10.0,5.363999,-2.033761,5.345455,-1.949503,Poor,134.93
Tomatoes,75.2,72.4,5.285821,-1.658158,5.341275,-1.974423,Good,297.09
Leafy Greens,222.4,41.4,5.187592,-2.362038,5.339208,-1.96228,Good,189.71
Garden Eggs,603.9,66.5,4.972996,-2.131645,5.329863,-1.966817,Fair,380.97
Peppers,450.4,27.0,5.148254,-1.764039,5.314112,-1.977044,Good,164.49
Garden Eggs,898.0,71.9,5.675321,-1.965271,5.322977,-1.969504,Fair,491.48
Okra,826.6,32.4,5.505204,-2.123127,5.341479,-1.967875,Poor,315.51
Leafy Greens,374.7,2.8,5.301956,-1.991206,5.303389,-1.982961,Poor,124.81
Leafy Greens,296.5,72.6,5.367839,-2.470089,5.340903,-1.977249,Poor,397.35
Leafy Greens,410.7,9.1,5.373197,-1.94301,5.313804,-1.95343,Fair,121.99
Garden Eggs,610.8,26.9,5.467056,-1.821711,5.309015,-1.947211,Good,204.82
Okra,304.7,76.1,5.379229,-2.249755,5.307585,-1.97501,Fair,400.04
Peppers,642.9,76.1,5.879473,-1.739531,5.303163,-1.977651,Fair,408.6
Peppers,438.9,46.7,5.403773,-1.973922,5.327979,-1.98324,Poor,332.64
Garden Eggs,574.4,51.3,5.522762,-2.154679,5.312713,-1.959075,Good,284.68
Leafy Greens,464.3,37.0,5.253429,-1.683415,5.351272,-1.976845,Fair,237.44
Tomatoes,329.7,24.9,5.460906,-2.077969,5.330522,-1.943613,Good,144.47
Garden Eggs,951.0,27.6,5.135772,-2.199987,5.308694,-1.976716,Fair,318.36
Garden Eggs,775.4,54.5,5.198229,-2.406244,5.336238,-1.973293,Poor,441.55
Okra,183.1,60.7,4.829767,-2.197056,5.346687,-1.962833,Fair,269.82
Peppers,875.0,63.7,5.071345,-2.355928,5.339059,-1.952916,Good,397.04
Garden Eggs,513.1,63.6,5.469377,-1.938363,5.305622,-1.969524,Poor,472.84
Garden Eggs,899.8,9.1,5.289292,-2.001513,5.346594,-1.971867,Fair,219.46
Leafy Greens,809.9,40.6,5.399071,-2.010782,5.341496,-1.943218,Good,283.67
Leafy Greens,454.0,6.5,5.303088,-1.959031,5.309715,-1.992475,Good,119.19
Tomatoes,71.3,44.9,5.066063,-1.820793,5.304389,-1.948247,Good,204.71
Okra,305.2,36.4,5.57829,-1.81309,5.329666,-1.985543,Good,203.17
Tomatoes,564.6,71.2,4.949459,-2.32743,5.309602,-1.953704,Poor,472.72
Leafy Greens,651.8,29.4,5.243779,-2.085666,5.34353,-1.962103,Fair,258.33
Peppers,295.0,11.1,5.305176,-2.060938,5.319717,-1.975908,Poor,144.93
Leafy Greens,182.4,13.2,5.327233,-1.903119,5.347445,-1.949306,Good,87.68
Okra,843.2,61.4,5.071629,-2.001091,5.330084,-1.992355,Good,357.55
Leafy Greens,985.2,50.2,5.64548,-1.899235,5.310934,-1.981665,Fair,421.14
Okra,549.4,9.9,5.318533,-2.056533,5.30878,-1.964655,Good,141.26
Okra,213.1,8.6,5.35731,-1.963184,5.330624,-1.975423,Fair,92.54
Okra,308.7,56.7,4.859152,-2.331258,5.339894,-1.962481,Poor,368.98
Okra,67.5,7.7,5.27041,-2.016992,5.340875,-1.991794,Fair,60.53
Okra,918.6,66.1,5.790997,-2.225711,5.315588,-1.987177,Fair,438.71
Peppers,161.9,57.1,5.587058,-1.911392,5.312012,-1.986645,Good,258.39
Tomatoes,597.7,8.3,5.349698,-1.973586,5.302638,-1.983536,Good,131.1
Garden Eggs,310.4,8.6,5.342657,-2.04,5.33576,-1.970033,Good,90.64
Tomatoes,576.5,79.0,5.63127,-2.301123,5.305628,-1.955394,Fair,479.94
Okra,668.8,31.2,5.235858,-2.210594,5.322838,-1.947723,Good,216.19
Peppers,838.3,30.9,5.38623,-1.755581,5.331884,-1.951231,Good,241.78
Leafy Greens,246.1,65.4,5.130957,-2.312124,5.348655,-1.983156,Fair,359.55
Peppers,60.4,75.9,5.686894,-2.511391,5.31739,-1.970942,Good,308.5
Okra,180.0,78.9,5.216527,-2.211173,5.314289,-1.983029,Good,336.09
Peppers,905.0,60.8,5.803669,-2.220163,5.334508,-1.979776,Good,394.43
Peppers,880.2,31.3,5.098275,-1.7917,5.332762,-1.967823,Poor,326.21
Okra,617.5,8.5,5.332589,-1.96338,5.318405,-1.989595,Fair,170.54
Peppers,620.5,62.6,5.212317,-2.324988,5.348205,-1.982091,Fair,382.35
Garden Eggs,681.8,45.6,4.939821,-2.069079,5.344043,-1.946231,Good,300.26
Garden Eggs,216.6,35.1,5.041387,-1.8034,5.312999,-1.969694,Poor,237.04
Peppers,918.7,72.7,4.829133,-1.428781,5.313757,-1.970731,Fair,485.47
Leafy Greens,447.8,10.7,5.275689,-2.076526,5.327415,-1.992272,Good,123.98
Okra,414.0,40.4,5.155234,-1.729203,5.340479,-1.98063,Poor,300.52
Garden Eggs,543.0,2.9,5.304471,-1.973613,5.304002,-1.949685,Good,117.52
Leafy Greens,94.6,38.6,5.236138,-2.186794,5.336467,-1.984769,Fair,199.51
Peppers,208.0,6.4,5.346888,-1.959333,5.334212,-1.972244,Fair,86.86
Leafy Greens,751.1,11.3,5.374385,-1.979433,5.313374,-1.992283,Good,170.4
Tomatoes,128.7,11.2,5.361507,-2.037654,5.335868,-1.969083,Poor,106.48
Garden Eggs,623.0,52.6,5.726571,-2.206767,5.348809,-1.991949,Fair,359.16
Peppers,283.1,60.2,5.618085,-1.473239,5.304139,-1.95202,Fair,334.58
Okra,419.8,47.5,5.10196,-2.177485,5.317783,-1.951757,Good,259.03
Peppers,324.3,77.0,5.065535,-1.61168,5.323709,-1.953613,Good,367.01
Okra,387.9,31.2,5.03712,-2.143079,5.346763,-1.978832,Good,199.54
Peppers,733.1,24.3,5.319897,-1.853684,5.349913,-1.951138,Fair,250.27
Leafy Greens,332.3,69.8,4.716844,-2.463178,5.324006,-1.96585,Good,324.73
Leafy Greens,588.1,19.4,5.15701,-1.953586,5.339301,-1.97431,Fair,219.97
Leafy Greens,502.2,77.1,5.211515,-1.625602,5.328383,-1.961734,Fair,430.1
Tomatoes,680.5,2.9,5.286795,-1.971064,5.328689,-1.992383,Good,140.99
Okra,940.0,77.7,4.695602,-2.316974,5.315705,-1.985852,Fair,516.49
Leafy Greens,745.9,5.4,5.329445,-2.006462,5.312648,-1.955885,Good,152.24
Tomatoes,254.2,71.5,4.717358,-1.571219,5.3162,-1.980792,Poor,394.86
Okra,79.6,43.2,5.668465,-1.67269,5.329616,-1.9631,Fair,207.34
Peppers,299.2,79.5,5.604133,-2.038194,5.303258,-1.973745,Good,375.03
Tomatoes,615.3,7.8,5.328165,-2.047278,5.347162,-1.95026,Good,143.84
Garden Eggs,98.9,45.2,5.683082,-2.327586,5.309614,-1.945379,Fair,224.84
Tomatoes,521.5,77.6,5.773824,-2.315674,5.312804,-1.948822,Fair,462.16
Tomatoes,617.0,42.8,5.257062,-2.372163,5.327714,-1.979469,Fair,306.93
Okra,367.5,51.1,5.282333,-2.35512,5.337306,-1.983292,Fair,293.57
Peppers,782.4,56.3,5.015577,-1.600813,5.306586,-1.969278,Good,351.63
Garden Eggs,151.3,37.5,5.615663,-2.24534,5.317685,-1.992633,Good,181.17
Leafy Greens,121.4,50.9,4.914286,-1.92387,5.350234,-1.99171,Good,203.24
Leafy Greens,741.8,47.6,5.01212,-2.086109,5.314917,-1.965335,Fair,340.49
Tomatoes,520.7,72.3,5.392401,-2.29518,5.317453,-1.966978,Poor,471.41
Okra,704.0,5.5,5.3145,-1.979812,5.343625,-1.943271,Fair,162.69
Okra,463.1,23.9,5.49043,-1.903536,5.304311,-1.982908,Good,173.76
Leafy Greens,284.1,76.1,5.427183,-2.602375,5.325031,-1.980095,Fair,371.86
Garden Eggs,828.1,71.4,5.122594,-1.462456,5.320781,-1.987323,Poor,500.25
Peppers,809.4,37.5,5.345632,-1.779915,5.317629,-1.947123,Fair,308.23
Garden Eggs,710.0,50.4,5.608609,-1.603596,5.316085,-1.954109,Poor,373.8
Peppers,308.5,23.6,5.100794,-1.826108,5.306369,-1.951883,Good,151.26
Leafy Greens,610.7,16.7,5.261398,-2.057438,5.317541,-1.947862,Good,181.99
Peppers,392.9,38.2,5.465273,-1.923862,5.303953,-1.966755,Poor,299.84
Okra,137.0,29.6,5.132863,-2.129942,5.340848,-1.97044,Fair,160.99
Tomatoes,921.4,47.5,5.729726,-2.30822,5.321711,-1.97648,Good,297.75
Tomatoes,180.0,8.1,5.309414,-2.024703,5.323995,-1.963539,Fair,81.35
Leafy Greens,952.7,78.0,4.95144,-2.461559,5.34648,-1.970286,Poor,593.84
Okra,473.7,78.9,5.027968,-1.92593,5.334703,-1.970422,Fair,397.64
